Patient_ID,Patient_NIC,Patient_Name,Patient_add,Gender,Contact_No
P0001,808123123V,Hasini Bandara,"No 1,Singhe Mw,Colombo",F,771231231
P0002,808123124V,Asela Dilshan,"No 1,Singhe Mw,Colombo",M,771231231
P0003,808123125V,Anil Mark,"No 1,Singhe Mw,Colombo",M,771231231
P0004,808123126V,Sachira Welagedara,"No 1,Singhe Mw,Colombo",M,771231231
P0005,808123123V,Janith Vikum,"No 1,Singhe Mw,Colombo",M,771231231
P0006,808123127V,Pathum Sadakan,"No 1,Singhe Mw,Colombo",M,771231231
P0007,808123128V,Warna Alwis,"No 1,Singhe Mw,Colombo",M,771231231
P0008,808123129V,Sithum Akash,"No 1,Singhe Mw,Colombo",M,771231231
P0009,808123133V,Devaraj Priyaraj,"No 1,Singhe Mw,Colombo",M,771231231
P0010,808123133V,Nilukshi Sadumini,"No 1,Singhe Mw,Colombo",F,771231231
P0011,808123423V,Shlika Latha,"No 1,Singhe Mw,Colombo",F,771231231
P0012,808123223V,Mahela Udugama,"No 1,Singhe Mw,Colombo",M,771231231
P0013,808123623V,Sirima Lakshmi,"No 1,Singhe Mw,Colombo",F,771231231
P0014,808123123V,Miguel Rathnayaka,"No 1,Singhe Mw,Colombo",M,771231231
P0015,808123123V,Simone Silve,"No 1,Singhe Mw,Colombo",M,771231231
P0016,808123123V,Madara Kaluarachchi,"No 1,Singhe Mw,Colombo",F,771231231
P0017,808123123V,Seetha Dissanayake,"No 1,Singhe Mw,Colombo",F,771231231
P0018,808123123V,Marvin Marker,"No 1,Singhe Mw,Colombo",M,771231231
P0019,808123123V,Lionel Singhe,"No 1,Singhe Mw,Colombo",M,771231231
P0020,808123123V,Wajira Weligama,"No 1,Singhe Mw,Colombo",M,771231231
P0021,808123123V,Malsha Sithum,"No 1,Singhe Mw,Colombo",F,771231231
P0022,808123123V,Sagarika Pathirana,"No 1,Singhe Mw,Colombo",F,771231231
P0023,808123123V,Priya Latha,"No 1,Singhe Mw,Colombo",F,771231231
P0024,808123123V,Shehan shankar,"No 1,Singhe Mw,Colombo",M,771231231
P0025,808123123V,Gavin Gamage,"No 1,Singhe Mw,Colombo",M,771231231
P0026,808123123V,Kevin Roshel,"No 1,Singhe Mw,Colombo",M,771231231
P0027,808123123V,Sahan Dilshan,"No 1,Singhe Mw,Colombo",M,771231231
P0028,808123123V,Mark Messer,"No 1,Singhe Mw,Colombo",M,771231231
P0029,808123123V,Alfred Tiron,"No 1,Singhe Mw,Colombo",M,771231231
